timestamp,author,message
0:00:00,@VelvetValley-h9z,Oh boy 
0:00:00,@zahrathemlgtoad,the yaoi gonna be so peak
0:00:00,@HMZeroTwo,WAKEY WAKEY
0:00:00,@Sillylittlepsycho,WAIT WHAT
0:00:01,@dribvox,SOULVESTER!!!!!!!!
0:00:03,@theirisofyoureye,FLYTE
0:00:04,@jennythebean9117,Why he enslave them?
0:00:05,@Callmetontoncusimtonsoffun,WHERES SOULVESTERS GYATT
0:00:05,@lyre_e2,ITS HEREEE
0:00:05,@theirisofyoureye,FLYTE
0:00:06,@Shivery,prison
0:00:07,@Macandcheesel0l,AAYAYAYYAYA
0:00:07,@Brykisheaven,THIS IS AWESOMEE
0:00:07,@aaaaaaaa3-q5q,event toons be like:
0:00:08,@punkypony5165,that knight ghost looks cool as hell
0:00:08,@Macandcheesel0l,AAYAYAYYAYA
0:00:09,@TheMTwinny,They locked up lmao
0:00:09,@sentinence,LOL?
0:00:10,@jennythebean9117,Spooky
0:00:10,@HMZeroTwo,sylvester caked up like in lore
0:00:10,@MakloMajome,RUDIEDE
0:00:10,@bluefooddye,This is canon
0:00:11,@UngulaPropriaRQ,LMAO CANON
0:00:11,@lyre_e2,HLEPMEE
0:00:11,@shrimpkuuu,YAY HES FREEING THEM
0:00:12,@VelvetValley-h9z,Oh boy dandy’s prison 
0:00:14,@theirisofyoureye,FLYTE MENTIONED
0:00:15,@UngulaPropriaRQ,OH DAMN HIS VOICE 
0:00:16,@zahrathemlgtoad,SOULVESTERRRR GYATTTT
0:00:16,@Beetlesfruitcake,SOULVESTER
0:00:17,@Macandcheesel0l,Sylvester my beloved
0:00:18,@Shivery,so that's how it works behind Dandy's World
0:00:19,@Tamers12345MLP,@jennythebean9117 They gotta go somewher ewhen it's not the holidaysd
0:00:20,@LvXGameMaster,Halloween episode
0:00:22,@zahrathemlgtoad,DAYUMNNNNN
0:00:22,@OmiX_145,where coal
0:00:22,@punkypony5165,LOL
0:00:23,@jennythebean9117,Knight guy my favorite :3
0:00:23,@Gentlaroo,Flytebros...
0:00:24,@terte9790,its better than i could have ever expected
0:00:26,@jo3a548,lasmdolasmfdaosf
0:00:28,@Macandcheesel0l,YAYAYAYAYAYA
0:00:28,@Gaalnr,lol
0:00:29,@theirisofyoureye,RUDIE
0:00:29,@Missmab123456,LOL
0:00:29,@TheMTwinny,WE HAD A RUNNER
0:00:30,@lyre_e2,OHMY GOD???
0:00:30,@theirisofyoureye,NO
0:00:31,@zahrathemlgtoad,RUDIE NOOOO
0:00:32,@theirisofyoureye,RUDIE
0:00:34,@SonataDidIt,This food is sin
0:00:35,@Binary_Forever,Dan green?
0:00:35,@T3RRORBYT334,you tell em
0:00:35,@zahrathemlgtoad,POOR RUDIE
0:00:36,@MakloMajome,RUDIE
0:00:38,@Sillylittlepsycho,This is SO accurate 
0:00:39,@superarcade643,bro why he so mean
0:00:42,@jennythebean9117,Healthy :3
0:00:43,@theirisofyoureye,babey carrot
0:00:43,@Callmetontoncusimtonsoffun,LMAOO
0:00:44,@DIVE-TEA,WELL DAMM WAS THAT NEEDED
0:00:46,@Tamers12345MLP,"btw those who play dandys world are already aware, but it is canon that dandy keeps holiday toons locked in his basement during off season"
0:00:46,@UngulaPropriaRQ,damn sad ass meal
0:00:47,@Gentlaroo,BASED
0:00:49,@sentinence,YO??
0:00:50,@Shivery,they have one more month anyway
0:00:51,@HMZeroTwo,studio ghibili food look so good
0:00:55,@UngulaPropriaRQ,this is canon yes
0:00:56,@shrimpkuuu,This nasty ass looking food he’s feeding them vomit
0:00:57,@Moonlka,very good..
0:00:58,@Brushalover,Dandys ur so evil:face_screaming_in_fear::face_screaming_in_fear::face_screaming_in_fear:
0:00:59,@Missmab123456,This is fact
0:01:01,@ChocoDrizzleCat,is dandy a boy liker
0:01:04,@UngulaPropriaRQ,gyasstro 
0:01:05,@zahrathemlgtoad,is this dandys prison
0:01:06,@Missfortune67,:frowning_face_with_open_mouth:
0:01:06,@HMZeroTwo,GYATTstro
0:01:07,@Gentlaroo,Where's Coal at bros
0:01:07,@Macandcheesel0l,AYAYAY
0:01:08,@DIVE-TEA,what happened to bassie.....
0:01:08,@jennythebean9117,Thank you for telling us tamers I’m a boomer
0:01:08,@Shivery,ASStro
0:01:12,@Macandcheesel0l,ASSTOE
0:01:15,@SonataDidIt,Sprout the chad
0:01:15,@jennythebean9117,SUNNY D!
0:01:15,@jo3a548,oh yes
0:01:16,@punkypony5165,God I could use some Sunny D 
0:01:21,@mkultravictim93,PEAK
0:01:23,@Ara-sw1cd,"didn't even prime the lawn mower, smh"
0:01:23,@shrimpkuuu,SPROUT WELCOME BACK
0:01:23,@theirisofyoureye,well well well isn't this swell
0:01:23,@TheMTwinny,Sunny AD and Oreos hell yeah
0:01:24,@sentinence,sprout is gonna get it
0:01:24,@SilveePokemonUnite,:popcorn-yellow-striped-smile::popcorn-yellow-striped-smile:
0:01:24,@Beetlesfruitcake,Ts so peak bruh:face_holding_back_tears::face_holding_back_tears:
0:01:24,@stump0467,ts cray
0:01:25,@GourouBandai,he kinda cute tho
0:01:26,@Brykisheaven,WOOOO
0:01:26,@EvolutionCOV,"Is that the legendary star of G5, Sprout Cloverleaf???"
0:01:27,@Tamers12345MLP,Astro often has to buy new pblankets because his ass is so fat
0:01:29,@Mr.DerangedBlue,ok
0:01:30,@Shivery,This looks spring
0:01:31,@Missmab123456,Prime…
0:01:31,@GleeperGeeber,sunny peak
0:01:33,@Stratosfear_930,bro is broke
0:01:36,@zahrathemlgtoad,sprout is such a hater
0:01:36,@UngulaPropriaRQ,lmaooo
0:01:39,@Brykisheaven,ts tuff.........
0:01:42,@MakloMajome,Wow
0:01:43,@Missfortune67,oh
0:01:44,@Shivery,He's Dead
0:01:47,@cynicalsix,that run cycle was really good
0:01:49,@jennythebean9117,Sprout deserves it
0:01:56,@Macandcheesel0l,GET HIM
0:01:58,@fluttergabe22,wassup Tamers
0:01:59,@shrimpkuuu,DUDE HES TRYING TO KILL HIM
0:02:00,@SonataDidIt,:(
0:02:00,@TheMTwinny,LOL
0:02:02,@jo3a548,asafknasfkasfksaf
0:02:03,@UngulaPropriaRQ,lmaoooo
0:02:05,@HMZeroTwo,"whatever, go my lawnmowers"
0:02:05,@Brushalover,is there brusha is there brusha
0:02:06,@shrimpkuuu,LOOOL
0:02:06,@ears-123,LMAO
0:02:07,@jo3a548,unalived
0:02:08,@Macandcheesel0l,YESSSSSS
0:02:08,@Tamers12345MLP,"@cynicalsix thanks, I can animate sometimes and shit"
0:02:09,@UngulaPropriaRQ,ZOOMERSPEAK 
0:02:09,@GlimmyGOD,its ober
0:02:11,@Shivery,He did it on purpose
0:02:11,@zahrathemlgtoad,how it feels to distract:
0:02:11,@jennythebean9117,Deserved 
0:02:12,@hitariart2299,I love his cake
0:02:13,@fluttergabe22,happy Halloween :jack_o_lantern: everyone
0:02:13,@TheMTwinny,>unalive
0:02:15,@terte9790,neighbors at 4am 
0:02:15,@TheMTwinny,OH SHIT
0:02:16,@Hyloaf,rip
0:02:17,@Zagarudo,GET THAT THING
0:02:17,@Callmetontoncusimtonsoffun,LMXOQOQL HELP
0:02:17,@Sillylittlepsycho,Look who’s talking dandy
0:02:18,@UngulaPropriaRQ,OH HE DEAD 
0:02:18,@punkypony5165,got him
0:02:18,@jo3a548,LOASDMSAFOAFMSAF
0:02:19,@shrimpkuuu,OH MY GOD
0:02:19,@astronovalitelover,THANK GOD
0:02:20,@ears-123,rip sprout...
0:02:20,@NubMcMoofin,:face_holding_back_tears:
0:02:20,@lyonsheartmusic,LOL
0:02:20,@Gentlaroo,FINALLY
0:02:20,@Beetlesfruitcake,OH MY GOD
0:02:21,@archaics18,SPROUT NOOOOOOOOOO
0:02:21,@jennythebean9117,Oh Shit he dead!
0:02:21,@sentinence,OH MY GOD??
0:02:22,@Macandcheesel0l,YESSSSSSSS
0:02:22,@UngulaPropriaRQ,well i mean
0:02:22,@stump0467,im gooning to ts
0:02:23,@zahrathemlgtoad,NOOOOOO SPROUT
0:02:23,@bojackatron7797,oh he ded
0:02:23,@Zagarudo,YUM JAM
0:02:23,@Mr.DerangedBlue,"Damn, he died"
0:02:23,@Shivery,RIP
0:02:24,@shrimpkuuu,SPROUT JUST FUCKING DIED
0:02:24,@Ilikegarlic2009,Damn….
0:02:24,@UngulaPropriaRQ,it was in the title 
0:02:24,@Montavely,the girls are fighting again
0:02:25,@Skidum1,he ded
0:02:26,@GleeperGeeber,SWAG
0:02:26,@theirisofyoureye,strawberry sauce
0:02:26,@Macandcheesel0l,YEAHHHH
0:02:27,@ZE17-f5c,HE'S DEAD OMGGG
0:02:28,@ears-123,Baby girl???
0:02:28,@Prismabom,Hea died
0:02:29,@Missfortune67,OH MAY
0:02:30,@BlueBoyo101,oh shit
0:02:30,@stump0467,it's everywhere
0:02:30,@FurryBayo,mmmm strawberry juice.
0:02:31,@zahrathemlgtoad,BABYGIRL
0:02:31,@cynicalsix,VEE!
0:02:32,@MakloMajome,WHAT
0:02:33,@Missmab123456,Sprout omg
0:02:33,@Sillylittlepsycho,YESSSS
0:02:34,@GlimmyGOD,rip strawberry
0:02:35,@Splitpersonalitydisorder,Well damn
0:02:35,@Gentlaroo,Good riddance
0:02:35,@wakommm,it happened so fucking suddenly
0:02:35,@jennythebean9117,Damn dumper
0:02:36,@Montavely,finally
0:02:36,@BlueBoyo101,canon?
0:02:36,@Beetlesfruitcake,RODGER MY MING
0:02:37,@Macandcheesel0l,ROD
0:02:37,@BoxBoy-u7i,he dead
0:02:38,@zahrathemlgtoad,rodger mention
0:02:38,@Brushalover,Sprout u deserved it
0:02:38,@Zagarudo,PERIOD
0:02:41,@Macandcheesel0l,RODGER!!!
0:02:41,@lyonsheartmusic,Fuck yeah
0:02:42,@punkypony5165,the magnifying glass dude and the computer loook cool
0:02:42,@HMZeroTwo,RODGER GYATTTT
0:02:42,@DIVE-TEA,why does he keep calling him bbg...
0:02:43,@Macandcheesel0l,VEEEE
0:02:44,@Beetlesfruitcake,MY GLORIOUS KING
0:02:45,@ears-123,Rodger has a dump truck DAMN
0:02:46,@jennythebean9117,It’s all canon 
0:02:46,@shrimpkuuu,oh my god… when’s the funeral
0:02:47,@Moonlka,RODGER
0:02:50,@Shivery,Don't worry guys it's just strawberry jelly
0:02:50,@Strong_sadfan,VEEW
0:02:50,@AnxiousPsyche1003,RODGER SAMA
0:02:50,@bojackatron7797,everyopnes so CAKED
0:02:50,@HMZeroTwo,biblically accurate rodger
0:02:52,@jo3a548,shut up astro
0:02:53,@lyre_e2,HLEPMEEEE
0:02:53,@gf2death,ITS FUCKING EVERYWHEREEEE
0:02:54,@Sillylittlepsycho,Why is VEE’s voice kinda…
0:02:54,@Macandcheesel0l,RODGER :blue_heart::drooling_face::drooling_face::disappointed_face::drooling_face::drooling_face::blue_heart::drooling_face::drooling_face:
0:02:55,@Tamers12345MLP,Sprout isn't supposed to distract
0:02:57,@Brushalover,Ewwww veee
0:02:57,@Prismabom,I love her voice
0:03:03,@SonataDidIt,Dandy with the big brains 
0:03:04,@Missfortune67,:frowning_face_with_open_mouth::frowning_face_with_open_mouth::frowning_face_with_open_mouth::frowning_face_with_open_mouth:
0:03:07,@sara17_animation,lol
0:03:10,@EluoVERSAUCE,OH DAMN
0:03:12,@jennythebean9117,Do it Dandy!
0:03:12,@cynicalsix,"sprout is pretty good at distracting, he's multitalented"
0:03:14,@shrimpkuuu,Full sized candy COSMO
0:03:15,@UngulaPropriaRQ,OH COSMO 
0:03:15,@HMZeroTwo,awww but sprout can distract and also heal
0:03:17,@Macandcheesel0l,OMGG
0:03:18,@TheMTwinny,LIES
0:03:19,@hitariart2299,fruitcake cannon
0:03:20,@UngulaPropriaRQ,LMAOOO DANDY 
0:03:20,@lyre_e2,thats gore
0:03:20,@Prismabom,Fruitcake
0:03:22,@Gaalnr,what lol
0:03:22,@jennythebean9117,Lie more!
0:03:22,@shrimpkuuu,COSMOOO oh my god hello biogas’s
0:03:22,@Shivery,CPR COSMO
0:03:23,@jo3a548,LASDAMASFLSAF
0:03:23,@Macandcheesel0l,NOOO
0:03:24,@theirisofyoureye,yaoi
0:03:24,@tinferno-yt,LOL
0:03:28,@aaaaaaaa3-q5q,Not realistic. Rodger gyat didn't covered most of the screen.
0:03:31,@jo3a548,AS:LDMASFAOFMASFAS
0:03:32,@GleeperGeeber,the gaslighter
0:03:32,@Missfortune67,XD
0:03:32,@punkypony5165,gaslight gatekeep guyboss
0:03:34,@zahrathemlgtoad,dandy totally didn't kill him
0:03:35,@DIVE-TEA,GYATDAMN SHELLY
0:03:35,@RDMVidya,brap
0:03:37,@ChocoDrizzleCat,WHAT
0:03:37,@jennythebean9117,Astro shut up
0:03:38,@shrimpkuuu,Why did Astro fart
0:03:38,@Gentlaroo,Where's my goat Blot at?
0:03:38,@Tamers12345MLP,Astro's bean eating beans
0:03:39,@Sillylittlepsycho,OK now I’m on sprouts side
0:03:42,@ChocoDrizzleCat,WHY IS COSMO LIKE THAT
0:03:43,@jennythebean9117,Gay?!?!?!?!
0:03:44,@Macandcheesel0l,YAOI TOXIC YAOI
0:03:44,@Beetlesfruitcake,:loudly_crying_face::loudly_crying_face:
0:03:45,@Missmab123456,Uh oh
0:03:46,@ArtMarshmallow,I legit thought Dandy's world was a Tamers OC world creation until like 10 minutes ago
0:03:50,@Tamers12345MLP,@shrimpkuuu eating beans
0:03:50,@UngulaPropriaRQ,OH THEY ARE TOXIC YAOI YESSSSSS
0:03:52,@ears-123,DOOMED YAOI
0:03:52,@lyre_e2,gayyy
0:03:53,@lyonsheartmusic,Noooooo
0:03:55,@astronovalitelover,why is cosmo having a danganronpa moment rn
0:03:55,@ChocoDrizzleCat,HELLO
0:03:55,@Zagarudo,YAS YAOI
0:03:56,@jennythebean9117,Kiss!
0:03:56,@DIVE-TEA,oops..
0:03:58,@jo3a548,gaaaaaaaaaaaaaay
0:03:58,@ChocoDrizzleCat,SPROUTS FAVE
0:03:59,@sentinence,can cosmo stop being super gay for one second
0:04:00,@Callmetontoncusimtonsoffun,OHHH DOOMED YAOI
0:04:00,@punkypony5165,based sprout
0:04:00,@lyonsheartmusic,So sad
0:04:01,@Shivery,Bracelet Lore
0:04:01,@ChocoDrizzleCat,FACE
0:04:03,@jo3a548,LASMDASFOPAFM<ASFOASF
0:04:05,@TheMTwinny,The Tootsie Roll crashing out
0:04:05,@BoxBoy-u7i,woooooooooooo
0:04:06,@GleeperGeeber,YUUUUR MORE YAOI
0:04:09,@theirisofyoureye,yaoi
0:04:10,@Solaris71,doomed Yaoi:wilted_flower::wilted_flower::wilted_flower::wilted_flower:
0:04:10,@NubMcMoofin,:face_holding_back_tears:
0:04:10,@shrimpkuuu,awesome fruitcake
0:04:11,@SonataDidIt,Beautiful relationship 
0:04:11,@Tamers12345MLP,@sentinence No? it's cosmo
0:04:14,@Mr.DerangedBlue,"Man, he’s dead"
0:04:18,@puppypuffy,wow accurate fruitcake
0:04:18,@punkypony5165,unalived
0:04:19,@sentinence,LOL
0:04:19,@OzDegen,LETS GOO
0:04:23,@Callmetontoncusimtonsoffun,YQOIII
0:04:24,@theirisofyoureye,strawbery
0:04:25,@Solaris71,LOL
0:04:25,@jo3a548,LSADFM<AFOASF
0:04:25,@DIVE-TEA,WHY DID HE SLAP HIM..
0:04:25,@lyonsheartmusic,Just plant him again
0:04:27,@lyre_e2,im crying
0:04:29,@jennythebean9117,I want strawberry pie
0:04:29,@shrimpkuuu,omg 
0:04:30,@zahrathemlgtoad,BOYFRIEND?!?!??!
0:04:31,@Tamers12345MLP,@TheMTwinny I think he's either a swiss roll or a cosmic brownie
0:04:31,@bojackatron7797,bro
0:04:32,@HMZeroTwo,UNROLLED COSMO
0:04:32,@UngulaPropriaRQ,HE UNROLLED HIM 
0:04:32,@Solaris71,JELP
0:04:33,@UngulaPropriaRQ,DAMN 
0:04:33,@ZE17-f5c,BOYFRIEND?
0:04:33,@Brushalover,Doomed yaoi
0:04:34,@Gaalnr,jesus christ
0:04:34,@Zagarudo,HELP SJHDJSHDJDB
0:04:34,@shrimpkuuu,HE ROLLED HIM OUT
0:04:35,@Callmetontoncusimtonsoffun,HWLPP
0:04:36,@jennythebean9117,Deserved 
0:04:36,@Shivery,unalive boyfriend
0:04:36,@Missmab123456,Omg
0:04:36,@punkypony5165,Dandicus lol
0:04:37,@stump0467,stop saying unalived is killing me bro
0:04:39,@Sillylittlepsycho,IM SOBBINGGG
0:04:40,@lyre_e2,BOYFREIND???
0:04:47,@hitariart2299,He slimed sprout
0:04:48,@Missfortune67,:eyes:
0:04:52,@ChocoDrizzleCat,i will unalive the word slive
0:04:56,@ChocoDrizzleCat,alive 
0:04:59,@UngulaPropriaRQ,@lyre_e2 YEAH WELCOME TO TOXIC YAOI HEAVEN
0:04:59,@Macandcheesel0l,rodger mention
0:05:01,@theirisofyoureye,freakystein
0:05:02,@jennythebean9117,Yaoi is doomed in Tamersverse
0:05:02,@Tabledar,"if you unroll a Swiss roll, it's just a Swiss."
0:05:03,@HMZeroTwo,neither tbh
0:05:04,@Gaalnr,women need a mute button
0:05:08,@SonataDidIt,lmao
0:05:10,@Shivery,Btw it cost 1600 ichor & pumpkins
0:05:12,@Beetlesfruitcake,Teagan what the help
0:05:12,@Macandcheesel0l,TEAGAN
0:05:15,@jo3a548,LASDMASFOASFM<
0:05:16,@Beetlesfruitcake,What the hell
0:05:17,@GleeperGeeber,DAMN
0:05:18,@HMZeroTwo,why the tisha slander
0:05:18,@Macandcheesel0l,TEAGAN TEAGAN TEAGAN
0:05:20,@jennythebean9117,Yippee body horror 
0:05:23,@ChocoDrizzleCat,why does teagan have that
0:05:23,@Macandcheesel0l,:face_with_hand_over_mouth::face_with_hand_over_mouth:
0:05:25,@shrimpkuuu,Teagan and her niece awww
0:05:26,@ImBored_3008,wheres your gyat rodger
0:05:27,@bamthemelon9,teagyatt
0:05:29,@jennythebean9117,Damn
0:05:32,@UngulaPropriaRQ,DAAAAMN 
0:05:32,@shrimpkuuu,Oh my god 
0:05:34,@Beetlesfruitcake,OHMY GOSH
0:05:34,@lyonsheartmusic,LOL
0:05:34,@Tamers12345MLP,@ChocoDrizzleCat Have what?
0:05:35,@TheMTwinny,GYATT
0:05:35,@ImBored_3008,OH ITS THERE
0:05:36,@zahrathemlgtoad,DAMNNN
0:05:36,@shrimpkuuu,DAAAAAAAMN
0:05:37,@UngulaPropriaRQ,that explains a lot 
0:05:37,@HMZeroTwo,rodger put a new forgis on the jeep
0:05:38,@canadianhowl,DAMN
0:05:39,@bojackatron7797,jeeeez
0:05:39,@okuriinu8489,hrlp
0:05:40,@sara17_animation,omg
0:05:40,@CrossCityToon,Royal Caribbean 
0:05:41,@Solaris71,ermmm
0:05:41,@Missfortune67,Damn :eyes:
0:05:41,@puppypuffy,helppp
0:05:41,@jennythebean9117,Sweat more
0:05:42,@hitariart2299,need that in my life
0:05:43,@BlueBoyo101,sorry bro already made a pie
0:05:44,@Missmab123456,Damn
0:05:45,@Callmetontoncusimtonsoffun,ASTRO WHATTT
0:05:45,@lyonsheartmusic,LMAO BRUH
0:05:46,@Solaris71,OH
0:05:46,@shrimpkuuu,? Astro
0:05:47,@astronovalitelover,ME TOO ASTRO ME TOO
0:05:47,@Shivery,that explains with these rodger mains
0:05:49,@wakommm,Rodger is my favourite toon
0:05:49,@punkypony5165,the teacup looks cool
0:05:50,@shrimpkuuu,ON
0:05:50,@Zagarudo,OMG STOP
0:05:50,@ZE17-f5c,LMAO
0:05:51,@zahrathemlgtoad,ASTRO LMAOOOOOO
0:05:52,@MakloMajome,GAY 
0:05:52,@CozyCourier445,IM LATE
0:05:53,@stump0467,rodger lucky I ain't behind that
0:05:54,@UngulaPropriaRQ,ASTRO HAHAHA
0:05:55,@puppypuffy,SO REAL
0:05:55,@Solaris71,ALR ASTRO
0:05:58,@ChocoDrizzleCat,ASTRO HELLO
0:06:00,@HMZeroTwo,i mean he kinda sweaty
0:06:01,@Nick-yl4qp,DO IT ASTRO
0:06:02,@UngulaPropriaRQ,SAYS IT AS IT IS 
0:06:02,@ChocoDrizzleCat,.
0:06:03,@HMZeroTwo,VEE NOOOOO
0:06:03,@Prismabom,Leaves armpit hair
0:06:06,@Lorkhanable,I miss Bartleby
0:06:06,@astronovalitelover,astros based
0:06:09,@Macandcheesel0l,WHAT
0:06:09,@Callmetontoncusimtonsoffun,HELPP
0:06:13,@Solaris71,OH WELPP
0:06:13,@punkypony5165,sniiffffffffffffffff
0:06:13,@Sillylittlepsycho,Who’s yalls least favorite character in this?
0:06:14,@Zagarudo,OMG
0:06:14,@TheMTwinny,Lol what the hell
0:06:15,@Macandcheesel0l,who said that
0:06:16,@ChocoDrizzleCat,did that really happen
0:06:18,@shrimpkuuu,He’s gonna
0:06:19,@shrimpkuuu,I KNEW IT
0:06:20,@astronovalitelover,GIVE ME THE BLANKET
0:06:20,@UngulaPropriaRQ,HAHAHAHHA
0:06:20,@theirisofyoureye,smeller
0:06:21,@Missfortune67,wtf
0:06:21,@HMZeroTwo,can't dandy absorb the sweat?
0:06:21,@astarz777,OMGG
0:06:21,@ears-123,yaoi
0:06:22,@shrimpkuuu,ASTRO
0:06:22,@NubMcMoofin,:smiling_face:
0:06:23,@zahrathemlgtoad,ASTRO OFC DID THIS
0:06:24,@BoxBoy-u7i,he wants that shit
0:06:25,@puppypuffy,WOW WOW OWOWOWOW
0:06:27,@sara17_animation,kkkk
0:06:28,@Macandcheesel0l,Jesus
0:06:28,@stump0467,astro just like me
0:06:29,@Solums,wow
0:06:29,@willorn,what was the gourdy fakeout about
0:06:29,@glenn-0705,Why is Astro like this
0:06:30,@Tamers12345MLP,Astro is canonically like this in dandys world btw
0:06:30,@cynicalsix,WOOO THANK U TAMERS
0:06:32,@GleeperGeeber,FREAK ASS
0:06:33,@Mr.DerangedBlue,"Damn, this is so gay and tragic"
0:06:35,@MediumKeyCubbage,its 1am what am i doing with my life
0:06:36,@zahrathemlgtoad,i agree
0:06:39,@HMZeroTwo,"""OH DID DANDY SWEAT IN THIS"" *sniff*"
0:06:39,@jennythebean9117,Dandy steal
0:06:41,@UngulaPropriaRQ,yeah it's incredible how canon this is 
0:06:41,@TheMTwinny,GHOST
0:06:42,@MakloMajome,THATS NASTY
0:06:44,@ChocoDrizzleCat,oh so that did really happen
0:06:45,@HMZeroTwo,sprout ghastly
0:06:46,@punkypony5165,Sprout is the best
0:06:47,@SilveePokemonUnite,xD
0:06:48,@EluoVERSAUCE,not too fond of gay ppl
0:06:49,@sentinence,chopped strawberry is back
0:06:50,@astronovalitelover,new connie skin
0:06:54,@jennythebean9117,100% deserve 
0:06:56,@Solaris71,"this is so canon, absolute cinema"
0:06:57,@shrimpkuuu,Oh my god Glisten I just prayed
0:06:57,@jo3a548,ALSDAMFOAFMASFOASFM
0:06:58,@Brushalover,Tamers where is Yuri 
0:06:59,@ears-123,WHAT
0:07:02,@Nick-yl4qp,Astro is hot. ngl.
0:07:03,@zahrathemlgtoad,SPROUT IS GAY?????
0:07:05,@Shivery,Lore
0:07:10,@Missfortune67,FEED ME MORE MORE MOONFLOWER :eyes:
0:07:12,@archaics18,sprout ghost is so peak
0:07:13,@TheMTwinny,Damn he had beef with satan
0:07:13,@ZE17-f5c,SPROUT IS GAY
0:07:15,@ChocoDrizzleCat,if soemone has diarrhea in the next 5 minutes im gonna become lactose intolerant 
0:07:15,@sentinence,sprout is gay fish found in the sea
0:07:16,@jennythebean9117,Sprout Gay and Based
0:07:20,@Shivery,Heaven is overrated anyway
0:07:20,@UngulaPropriaRQ,@zahrathemlgtoad you must be new here 
0:07:22,@jennythebean9117,lol
0:07:26,@ears-123,"tamers, will dandy go to heaven when his body expires?"
0:07:26,@Solums,i gonna play danny world after that
0:07:28,@HMZeroTwo,this would've been sprout's sin if qwel locked in
0:07:29,@shrimpkuuu,Bro these fools
0:07:29,@Tamers12345MLP,@EluoVERSAUCE Why are you watching a Dandy's World video then?
0:07:36,@TheMTwinny,GREAT VALUE LOL
0:07:37,@theirisofyoureye,FREAKYSTEIN IS COMING 
0:07:38,@HMZeroTwo,FRANKENSPROUT
0:07:40,@stump0467,OMFGGG
0:07:41,@prototypezpoptarts,holy peak
0:07:43,@Missmab123456,Is this safe?
0:07:45,@Sillylittlepsycho,WHAT
0:07:45,@Beetlesfruitcake,His what
0:07:47,@astronovalitelover,i wish i was sprout 
0:07:48,@Gaalnr,makes sense to me
0:07:49,@jo3a548,OH yeah
0:07:52,@zahrathemlgtoad,@UngulaPropriaRQ I was being ironic lol
0:07:52,@Tamers12345MLP,@Missmab123456 No
0:07:55,@prototypezpoptarts,hi tamers
0:07:59,@shrimpkuuu,Cosmo is so smart but is this gonna kill Vee
0:08:01,@prototypezpoptarts,:pleading_face::pleading_face::pleading_face:
0:08:02,@Missmab123456,PFFT
0:08:02,@MakloMajome,Why is vee tied up 
0:08:03,@Stratosfear_930,wtf am i watching
0:08:05,@UngulaPropriaRQ,@zahrathemlgtoad lmao
0:08:06,@jennythebean9117,Damn I want boba now
0:08:10,@0camicammy,King Tamers have you ever watch The Masked Singer US
0:08:10,@Tabledar,I want that ice cream
0:08:14,@YuYu-v2i,poppy x boxten :check_mark_button:
0:08:15,@shrimpkuuu,The power of his fart is gonna kill her brih
0:08:17,@HMZeroTwo,@shrimpkuuu vee will come back dw
0:08:21,@jennythebean9117,You are watching cinema
0:08:22,@prototypezpoptarts,Peak
0:08:27,@Missfortune67,what
0:08:27,@Macandcheesel0l,NOO VEEEE
0:08:28,@UngulaPropriaRQ,oh it's peak 
0:08:30,@Brushalover,ahahahahahah Vee deserved 
0:08:31,@prototypezpoptarts,this IS TUFF
0:08:33,@UngulaPropriaRQ,the halloween feast 
0:08:33,@EluoVERSAUCE,"cause im like dandy, im bipolar with my gayness"
0:08:34,@shadowkiller_9303,this is crazy
0:08:34,@TheMTwinny,FART LIKE HELL
0:08:34,@punkypony5165,I really like the whole vibe and aesthetic of this video. 
0:08:35,@Shivery,HE LIVES
0:08:36,@ZE17-f5c,WHAT IS GOING ON LMAO
0:08:36,@UngulaPropriaRQ,our treat
0:08:36,@shadowkiller_9303,MORE POWER!
0:08:37,@sentinence,this is getting cinematic
0:08:39,@jennythebean9117,Astro
0:08:41,@Skidum1,AMAZING
0:08:42,@Tamers12345MLP,@shrimpkuuu Don't act like you wouldn't ask to be farted on by Dandy too
0:08:42,@literallyjustfries2027,MOORREE
0:08:46,@zahrathemlgtoad,astro is just simping...
0:08:47,@Missmab123456,Come on Dandy!
0:08:47,@0camicammy,what the fart (literally)
0:08:51,@jennythebean9117,Sprout is back 
0:08:51,@noelysn,More
0:08:55,@Macandcheesel0l,YAAYAY)
0:08:58,@0camicammy,Sprout Balls
0:08:58,@ChocoDrizzleCat,WHAT
0:09:00,@TheMTwinny,OOF
0:09:00,@HMZeroTwo,The sprout is sprack
0:09:03,@MediumKeyCubbage,:face-orange-biting-nails:
0:09:03,@shrimpkuuu,well OMG
0:09:04,@UngulaPropriaRQ,LMAO THAT WAS FAST 
0:09:04,@jennythebean9117,Yeah 
0:09:05,@Macandcheesel0l,HES BACK
0:09:05,@NubMcMoofin,:saluting_face:
0:09:06,@jo3a548,LSM SAOFA FASMFASOF
0:09:06,@Shivery,OOF
0:09:06,@HMZeroTwo,and sprout died again
0:09:09,@prototypezpoptarts,holy
0:09:09,@RDMVidya,DEAD
0:09:12,@jennythebean9117,Dandy’s right 
0:09:17,@zahrathemlgtoad,Dandy is so real for that
0:09:17,@UngulaPropriaRQ,HI GOOB
0:09:18,@Macandcheesel0l,GOOB
0:09:19,@EvolutionCOV,Genius Master Plans
0:09:19,@lyonsheartmusic,LOL
0:09:20,@punkypony5165,grimace shake? someone's gonna die
0:09:21,@shrimpkuuu,Awwww Goob
0:09:26,@Shivery,Goob has a job!?
0:09:27,@Macandcheesel0l,GOOB
0:09:28,@prototypezpoptarts,why are their buns out im scared
0:09:30,@TheMTwinny,Is this GOOB this world's Derpy?
0:09:32,@lyonsheartmusic,He's care package
0:09:33,@Macandcheesel0l,FINNN
0:09:33,@jo3a548,LMASDOASFMASFOASFMFSA
0:09:33,@HMZeroTwo,"""THIS IS MY WORLD AND YOU'RE LIVING IN IT"" :writing_hand::fire:"
0:09:34,@Brushalover,Can I marry goob 
0:09:34,@Tamers12345MLP,He's doordashing
0:09:34,@UngulaPropriaRQ,SHRIMPO DIDN'T FIGHT BACK?
0:09:35,@Shivery,Little Cesars
0:09:35,@canadianhowl,FINN NOOOOOOO
0:09:36,@Beetlesfruitcake,:loudly_crying_face::loudly_crying_face:
0:09:39,@theirisofyoureye,starve
0:09:40,@ChocoDrizzleCat,is someone gonna put the grimace shake in their bcheeks
0:09:41,@jennythebean9117,Oh no the Little Caesars!
0:09:50,@shrimpkuuu,goobs orbs
0:09:51,@jennythebean9117,Damn goob 
0:09:52,@SonataDidIt,heashbot
0:09:53,@HMZeroTwo,goob is gonna hug crush my orders
0:09:55,@SonataDidIt,BOOM
0:09:56,@Macandcheesel0l,NOOO
0:09:58,@shrimpkuuu,OMG
0:09:58,@zahrathemlgtoad,AWWW GOURDY
0:09:58,@punkypony5165,knew it lol
0:10:00,@TheMTwinny,OH SHIT
0:10:00,@NubMcMoofin,:loudly_crying_face:
0:10:02,@shrimpkuuu,GOURDY NO
0:10:02,@UngulaPropriaRQ,OH SHIT 
0:10:02,@Beetlesfruitcake,OH MY GOD
0:10:02,@jennythebean9117,Noooooooooooo
0:10:04,@Macandcheesel0l,NOOOOO
0:10:04,@terte9790,GG
0:10:04,@shrimpkuuu,GOOB
0:10:04,@Zagarudo,NOOO
0:10:04,@HMZeroTwo,HEADSHOT
0:10:05,@Missfortune67,:frowning_face_with_open_mouth:
0:10:06,@ArtMarshmallow,Where are they supposed to get their crazy bread!?
0:10:09,@GleeperGeeber,Swag
0:10:10,@Macandcheesel0l,GOOB NOOOOOOOO
0:10:11,@jo3a548,ASFDSAHFASGFSAGF
0:10:12,@jennythebean9117,The boba!
0:10:15,@prototypezpoptarts,Dawg
0:10:17,@Zagarudo,GRIP ITS THE UNION
0:10:17,@Tamers12345MLP,It's okay Goob has a bllet proof vest
0:10:17,@ImBored_3008,SOULVESTER
0:10:18,@Missmab123456,Goob…
0:10:18,@HMZeroTwo,the skeleton is caked up too
0:10:19,@theirisofyoureye,soulvester
0:10:20,@UngulaPropriaRQ,too angry to die 
0:10:20,@zahrathemlgtoad,dang soulvester is BUILT
0:10:20,@RDMVidya,Goob is kill
0:10:20,@Tamers12345MLP,Goob isn't dead
0:10:21,@stump0467,bru I b
0:10:23,@Brushalover,Too late he's dead it's okay I'll marry his dead body
0:10:24,@UngulaPropriaRQ,oh and that 
0:10:25,@punkypony5165,who's the wolf?
0:10:25,@jennythebean9117,Furry
0:10:30,@OmiX_145,Shrimpo's voice is so silly
0:10:31,@ChocoDrizzleCat,yeah i think Goobs gone for good
0:10:31,@Shivery,lol Eclipse
0:10:32,@Montavely,thank goodness goob is okay
0:10:33,@Tamers12345MLP,@HMZeroTwo Skeletons look like that sometimes
0:10:33,@ImBored_3008,REBBECA??????
0:10:34,@UngulaPropriaRQ,YEAH SHRIMPO 
0:10:34,@Brushalover,Oh
0:10:35,@UngulaPropriaRQ,TELL EM
0:10:37,@okuriinu8489,emo
0:10:38,@theirisofyoureye,leg
0:10:39,@shrimpkuuu,Is eclipse really just dog noises LMFAO
0:10:40,@tinferno-yt,soulvester fine as hell
0:10:41,@Solaris71,Does this hurt the goob?
0:10:43,@puppypuffy,finn found dead in miami
0:10:44,@ChocoDrizzleCat,WHAT HAPPENED TO FIJNN
0:10:45,@TheMTwinny,Ayo I just want my Crazy Bread
0:10:45,@RDMVidya,Why is the skeleton stacked
0:10:47,@0camicammy,WHY IS FINN DEAD
0:10:47,@symphonydawn317,lmao the voice
0:10:48,@Tamers12345MLP,@ChocoDrizzleCat No he had a bullet proof vest on
0:10:49,@0camicammy,GROUDYYY
0:10:50,@Zagarudo,CLOCK THEM
0:10:51,@HMZeroTwo,goob has no brains so i believe you
0:10:51,@willorn,fkn gottem
0:10:52,@Shivery,how can Rebecca digest?
0:10:52,@Macandcheesel0l,soulvester :drooling_face:
0:10:52,@jennythebean9117,Gourdy my child 
0:10:53,@0camicammy,GOURDYYY
0:10:53,@astronovalitelover,WHAT
0:10:58,@Sillylittlepsycho,HES A MINOR
0:10:58,@zahrathemlgtoad,WOAHHH THERE SOULVESTER
0:10:59,@TheBronzeBoner,HOw does a skeleton have all that
0:11:00,@Zyrix_Zyrix,i was here
0:11:03,@noelysn,Wtf
0:11:03,@Zyrix_Zyrix,hello hi
0:11:03,@weirdosonicfan,Wait why did he do that tho 
0:11:06,@0camicammy,HELP
0:11:07,@ImBored_3008,ragebait is dead they killed finn
0:11:09,@Solums,hear me out
0:11:13,@Macandcheesel0l,GOURDY!!!
0:11:13,@BoxBoy-u7i,goob*
0:11:13,@willorn,can't be burnbot
0:11:13,@Tamers12345MLP,@weirdosonicfan Do what?
0:11:14,@noelysn,Dam
0:11:16,@ChocoDrizzleCat,doomed yaoi
0:11:17,@Zyrix_Zyrix,I LOVE zyou TAMERS
0:11:20,@Missmab123456,Damn Ribecca
0:11:23,@ChocoDrizzleCat,Finn x shrimo is dead
0:11:27,@ChocoDrizzleCat,FINNX. SHRIMPO *( WHAT
0:11:28,@SonataDidIt,The frame....
0:11:30,@TheMTwinny,WHAT WAS THAT
0:11:33,@0camicammy,WHATSttat
0:11:35,@punkypony5165,Oh rebecca's a skelton? She looks cool as fuck
0:11:36,@jo3a548,HASHADHSADHASHFASDFJASFSAF
0:11:36,@zahrathemlgtoad,his voice.... :smiling_face_with_hearts::smiling_face_with_hearts::smiling_face_with_hearts:
0:11:37,@terte9790,who showed up for a frame
0:11:40,@BoxBoy-u7i,WHAT WAS THAT
0:11:40,@Tamers12345MLP,You didn't see shit
0:11:41,@blankgrl,SHIT I MISSED IT
0:11:41,@ChocoDrizzleCat,it was what you expected 
0:11:42,@Brushalover,is eclipse dead
0:11:43,@jo3a548,'LOL>OLFSAOFASL
0:11:44,@shrimpkuuu,wait awwwwww
0:11:47,@Beetlesfruitcake,Spit??
0:11:47,@cynicalsix,I like gourdys voice
0:11:48,@HMZeroTwo,sprout is trying to fit in so bad
0:11:50,@Solaris71,new Toon leak
0:11:53,@Zagarudo,I want that spit
0:11:55,@weirdosonicfan,"that one thing, during that one time, doing that one thing "
0:11:55,@theirisofyoureye,spit
0:12:01,@Tekapin,it was twisted jerry
0:12:02,@Missfortune67,:eyes:
0:12:02,@jennythebean9117,Sir Spit is sick
0:12:02,@UngulaPropriaRQ,THE HOMOSEXUAL SPEAKS TRUE 
0:12:05,@Nick-yl4qp,I like this knight. He's cool
0:12:05,@Macandcheesel0l,soulvester please give me a chance please
0:12:08,@RDMVidya,:eyes:
0:12:17,@jennythebean9117,Spit take over the world!
0:12:19,@shrimpkuuu,Gourdy get up
0:12:26,@shadowkiller_9303,bro the burns go hard
0:12:26,@ears-123,GYATT
0:12:26,@jennythebean9117,Also screw that baby
0:12:27,@Beetlesfruitcake,holy
0:12:28,@TheMTwinny,GYATT
0:12:31,@jo3a548,DAYUUUUM
0:12:31,@ImBored_3008,GUYYYYYYAAASYTT
0:12:31,@Missfortune67,DAMN :eyes::eyes::eyes:
0:12:31,@shrimpkuuu,DAAAAMN
0:12:31,@weirdosonicfan,Now why would they wanna do that 
0:12:32,@jennythebean9117,GUATT DAMN
0:12:32,@okuriinu8489,FAYUUUUM
0:12:33,@Sillylittlepsycho,HOLY GYAAAATT
0:12:33,@puppypuffy,DAYUMMMMMMMMMMM
0:12:35,@ChocoDrizzleCat,SOULVESYER WHAT THE FUCK IS TJIS
0:12:38,@Macandcheesel0l,OH MY
0:12:39,@dribvox,good lord
0:12:40,@Missfortune67,DAMNNNNNNNN
0:12:41,@Zagarudo,YUM YUM
0:12:41,@Solaris71,ZAAAMNN
0:12:42,@Missmab123456,SOUL
0:12:43,@Macandcheesel0l,:tongue::tongue:
0:12:45,@EluoVERSAUCE,LET ME HIT SOULVESTER
0:12:47,@canadianhowl,OH MAN
0:12:48,@Shivery,no wonder soulvester is slow ass in the game
0:12:48,@ImBored_3008,:eyes::eyes::eyes::eyes::eyes::eyes:
0:12:49,@punkypony5165,holy betrayl
0:12:49,@HMZeroTwo,soulvester stop it with the cake
0:12:49,@Brushalover,Swords cant kill skeletons 
0:12:49,@jennythebean9117,No wonder he’s lock in the basement 
0:12:54,@shrimpkuuu,my god let me get a #piece
0:12:54,@superarcade643,SOULVESTER IS 10/10 OMGGG
0:12:56,@theirisofyoureye,flyte
0:12:59,@zahrathemlgtoad,NO WONDER WHY SOULVESTER SLOWER THAN RODGER
0:12:59,@superarcade643,BROOOO
0:13:03,@superarcade643,NO WAY WHAT A TWIST?!?!?!?
0:13:04,@ChocoDrizzleCat,Can soulvester be put down
0:13:04,@TheMTwinny,CLOSE YOUR SPEAK HOLE
0:13:11,@ChocoDrizzleCat,SOMEONE PUT SOULVESTER DOWN WHAT THE FUCK
0:13:11,@literallyjustfries2027,I love soulvesters voice 
0:13:14,@punkypony5165,based Rebecca
0:13:17,@fernandaps2,sorry i missed 15 mins what happened
0:13:20,@jo3a548,LASMDASFOASFMASFO
0:13:20,@shrimpkuuu,OMG
0:13:21,@Beetlesfruitcake,:loudly_crying_face:
0:13:22,@HMZeroTwo,vee is jobbing so bad
0:13:24,@Tamers12345MLP,"The lower a toons speed, the larger their ass is"
0:13:25,@mag1188,смотрим твои ролики всей семьёй. лучший контент на Ютубе
0:13:26,@SonataDidIt,yay
0:13:28,@Sillylittlepsycho,TAMERSSS YOU SAID SHELLY WOULDNT LAST 5 SECONDS
0:13:29,@ears-123,I guess we were wrong about Shelly not being able to throw hands
0:13:30,@TheMTwinny,NAH
0:13:30,@Macandcheesel0l,OH GOD
0:13:30,@weirdosonicfan,He’s about to get solo'd
0:13:31,@fernandaps2,mandalore gaming?
0:13:32,@UngulaPropriaRQ,LEGEND 
0:13:33,@terte9790,HES GOT A GUN
0:13:34,@Missfortune67,Poor Bassie
0:13:35,@astronovalitelover,NO
0:13:35,@jennythebean9117,CHEATER!
0:13:35,@Gaalnr,gottem
0:13:35,@MillerTheDarkTransPrince,I'm dressed up as a unicorn :unicorn:
0:13:35,@Solaris71,ASTROOO
0:13:36,@okuriinu8489,ha
0:13:36,@HMZeroTwo,NOOOO ASTRO
0:13:36,@NubMcMoofin,:face_holding_back_tears:
0:13:37,@shrimpkuuu,ASTRO
0:13:37,@Macandcheesel0l,NOO
0:13:38,@weirdosonicfan,knew it 
0:13:39,@tinferno-yt,ASTRO
0:13:39,@shrimpkuuu,NO HOLY DHIT
0:13:39,@ChocoDrizzleCat,ASTRO
0:13:41,@RDMVidya,lol jk
0:13:42,@zahrathemlgtoad,GOURDY WITH THE GUNS
0:13:43,@Missfortune67,MAI BABY BOI
0:13:46,@Solaris71,ASTRO NOOO
0:13:48,@ChocoDrizzleCat,ASTRO
0:13:48,@ChocoDrizzleCat,I DONT THINK ASTRO WAS AS BULLETPROOF AS GOOB
0:13:49,@literallyjustfries2027,NOOO
0:13:50,@Solaris71,oj
0:13:50,@punkypony5165,Haven't heard that tts voice in a long time
0:13:51,@Tekapin,that implies blot is flat af
0:13:51,@Shivery,LOL
0:13:55,@HMZeroTwo,astro dies and dandy gets a rage boost
0:13:56,@astronovalitelover,ASTRO PLOT ARMOR
0:13:57,@Tamers12345MLP,"It's okay, toons are resilient to bullets"
0:13:58,@Missfortune67,nvm he alive
0:14:06,@jennythebean9117,The don’t deserve air 
0:14:17,@Tamers12345MLP,Astro and goob aren't dead beause bullets don't have much of an affect on toons in general
0:14:24,@Shivery,Rebecca has no organs so she'll be fine
0:14:28,@shrimpkuuu,Oh thank god
0:14:30,@Tamers12345MLP,Yeha thats true
0:14:35,@HMZeroTwo,"makes sense since toons are usually indestructible, see bugs bunny"
0:14:35,@princemolah,It me 
0:14:35,@TheMTwinny,The moon dude is alive and well
0:14:36,@Sillylittlepsycho,YAAAAY GOOB IS ALIVEEE
0:14:36,@weirdosonicfan,wait but what if I use 2 bullets
0:14:36,@ChocoDrizzleCat,where is our Nintendo switch 
0:14:38,@jennythebean9117,Also i love a switch 
0:14:39,@Brushalover,Where is brusha where is brusha 
0:14:42,@charlie_boom,Shelly's face I'm crying
0:14:44,@BlueBoyo101,he was pretty straightforward about it 
0:14:45,@mkultravictim93,only lawnmowers work on them
0:14:53,@ChocoDrizzleCat,give us our nintendo switch
0:14:53,@Tamers12345MLP,"@weirdosonicfan Then the toon is fucked, they can only survive 1 bullet at most"
0:14:55,@Missmab123456,Dandy is so kind
0:14:55,@fernandaps2,yay
0:14:56,@Zagarudo,PERIOD
0:14:57,@Shivery,Yay
0:15:01,@Missfortune67,poor Bassie :eyes:
0:15:02,@Solaris71,what abt chrismas toons
0:15:03,@Callmetontoncusimtonsoffun,YAOIYAOIU
0:15:03,@jo3a548,gaaaaaaaaaaaaaaaaaaay
0:15:04,@jennythebean9117,Sprout is back!
0:15:05,@UngulaPropriaRQ,GO FOR IT COSMO 
0:15:06,@Beetlesfruitcake,Oh my gosh cosmo please be quiet
0:15:06,@Macandcheesel0l,I love Dandy
0:15:08,@zahrathemlgtoad,FRUITCAKE MOMENT???
0:15:08,@RDMVidya,The other guys get home tho right
0:15:08,@UngulaPropriaRQ,GO FOR IT LITTLE MAN 
0:15:09,@shrimpkuuu,What about the other event toons are they allowed to be free too
0:15:09,@Shivery,Yaoi? :eyes:
0:15:11,@astronovalitelover,NO MORE FRUITCAKE I WANT MOONFLOWER
0:15:12,@Tamers12345MLP,The Christmas toons gotta stay in the dungeon
0:15:13,@Macandcheesel0l,he's so nice
0:15:13,@NubMcMoofin,:smiling_face_with_hearts:
0:15:13,@Missfortune67,:frowning_face_with_open_mouth::eyes:
0:15:14,@CrossCityToon,GOOB
0:15:15,@ImBored_3008,kiss
0:15:18,@Zagarudo,MAKE OUT SLOPPY
0:15:19,@weirdosonicfan,Good.
0:15:19,@HMZeroTwo,somebody take a picture it'll last longer
0:15:20,@shrimpkuuu,Bro fruitcake makeout sesh
0:15:20,@jennythebean9117,Christmas toons will get released tomorrow 
0:15:21,@Macandcheesel0l,NO
0:15:21,@theirisofyoureye,GAY YAOI
0:15:22,@Callmetontoncusimtonsoffun,HELP
0:15:22,@theirisofyoureye,NO
0:15:23,@DIVE-TEA,YAYYYY YAOII
0:15:23,@TheMTwinny,DANDY RUINING SHIT
0:15:23,@theirisofyoureye,NO
0:15:24,@theirisofyoureye,NO
0:15:24,@jo3a548,LAMSDOASFMASFOASDFM<AFS
0:15:26,@blankgrl,FUCL
0:15:26,@shrimpkuuu,MOVE DANDY
0:15:28,@ChocoDrizzleCat,KISS KISS KISSS
0:15:29,@jennythebean9117,Kiss you gays!
0:15:30,@UngulaPropriaRQ,NO MY YAOI 
0:15:31,@Missmab123456,RUINED
0:15:31,@puppypuffy,Yo
0:15:33,@Macandcheesel0l,YAYAYAYAYAY
0:15:34,@astronovalitelover,YEAHHHHHHHHHHHHHHHH
0:15:34,@willorn,oh shoot why didn't I know he was gay
0:15:34,@jennythebean9117,Kiss!
0:15:35,@puppypuffy,YOOOOOOOOOOOOOOOO
0:15:36,@Zagarudo,PERIOD
0:15:36,@zahrathemlgtoad,sprout is getting all the gays
0:15:37,@UngulaPropriaRQ,oh the vest did work
0:15:37,@puppypuffy,FRUITSHOP
0:15:39,@ChocoDrizzleCat,IT MADE ME CLICK OFFF
0:15:40,@HMZeroTwo,NAH
0:15:41,@punkypony5165,Stare
0:15:42,@TheMTwinny,Ayy that Goob dude's alive
0:15:43,@Brushalover,Dandy why u gotta always ruin things
0:15:43,@HMZeroTwo,THAT LOOK
0:15:44,@shrimpkuuu,oh my god.
0:15:44,@astarz777,omggg
0:15:45,@Macandcheesel0l,OMG
0:15:46,@Sillylittlepsycho,Oh shit…
0:15:47,@UngulaPropriaRQ,OH NO HE AINT GONNA BE CAREFUL
0:15:48,@Shivery,oh fuck
0:15:49,@Zagarudo,NOOO BETRAYAL
0:15:49,@TheMTwinny,WHAT
0:15:50,@ChocoDrizzleCat,WHAT
0:15:51,@EvolutionCOV,The e y e s
0:15:51,@jennythebean9117,Dandy takes all the men
0:15:51,@theirisofyoureye,CAN THEY GET INTO A POLY
0:15:52,@Missfortune67,:eyes:
0:15:54,@tinferno-yt,LOL
0:15:55,@sara17_animation,oh oy
0:15:56,@Callmetontoncusimtonsoffun,^
0:15:57,@charlie_boom,I'm crying man
0:15:59,@UngulaPropriaRQ,SPROUT IS GONNA DIE ONE MORE TIME IN BED 
0:16:02,@Callmetontoncusimtonsoffun,WHAGT
0:16:02,@Brykisheaven,evil yaoi.......
0:16:03,@Scrimpv,flower mindcontrol
0:16:03,@Shivery,Foreshadowing
0:16:04,@Tamers12345MLP,Dandy isn't the star of the show for nothing
0:16:05,@sara17_animation,what was that face
0:16:05,@DeadlyBones._,omg :frowning_face_with_open_mouth::frowning_face_with_open_mouth::frowning_face_with_open_mouth:
0:16:05,@SonataDidIt,what am I hearing
0:16:05,@sip9549,tamers idk wat dandys world is when do we got more sonic underground
0:16:07,@ponnado6739,:star:
0:16:08,@UngulaPropriaRQ,HAHAHAHHA 
0:16:08,@cynicalsix,DUDE
0:16:09,@NubMcMoofin,:face_savoring_food:
0:16:09,@puppypuffy,HELP ME
0:16:10,@BoxBoy-u7i,dandy wants all the men to himself
0:16:10,@Solaris71,OH GOD
0:16:10,@Macandcheesel0l,:exploding_head:
0:16:10,@ImBored_3008,uhm
0:16:12,@misttaken,why is dandy gay isn't he like not gay and christian
0:16:12,@TheMTwinny,AYO
0:16:13,@Zagarudo,YUM YUM
0:16:13,@astarz777,OOOU
0:16:13,@EluoVERSAUCE,OH OKAY
0:16:13,@shrimpkuuu,oh my god.
0:16:13,@EvolutionCOV,Amemezing
0:16:15,@Missfortune67,What
0:16:15,@Beetlesfruitcake,OH MY GOSH
0:16:15,@Missmab123456,Omg
0:16:15,@symphonydawn317,I thought Astro loves Dandy
0:16:15,@GourouBandai,GO RODGE4R
0:16:16,@SilveePokemonUnite,xDD
0:16:16,@Beetlesfruitcake,RODGER
0:16:16,@fernandaps2,dunno what that means
0:16:17,@Macandcheesel0l,RODGER
0:16:17,@weirdosonicfan,Yooo
0:16:18,@zahrathemlgtoad,craziest use of game effects
0:16:18,@terte9790,this was amazing
0:16:18,@astarz777,LMo
0:16:18,@theirisofyoureye,GO RODGER
0:16:19,@sara17_animation,Ohhhh
0:16:19,@cola1342,WHY IS QWEL A PATREON
0:16:19,@jennythebean9117,Go Raja!
0:16:19,@NubMcMoofin,:face_savoring_food::face_savoring_food:
0:16:20,@Shivery,They spamming each other heatts
0:16:20,@astronovalitelover,GO RODGER 
0:16:21,@theirisofyoureye,GO RODGER
0:16:21,@stump0467,that's perfect
0:16:21,@canadianhowl,WAIT A MOMENT
0:16:22,@punkypony5165,YOOO
0:16:22,@SMT500,nahhhhhhhhhhh
0:16:23,@zahrathemlgtoad,GO RODGER
0:16:23,@ChocoDrizzleCat,GO RODHER
0:16:24,@noelysn,YOOOO
0:16:24,@ZE17-f5c,GO RODGER
0:16:24,@Missmab123456,GO RODGER
0:16:25,@ChocoDrizzleCat,GO RODGER
0:16:25,@EvolutionCOV,GO RODGER
0:16:25,@ORYX_999,i never played dandy's world did this actually happen?
0:16:27,@Missfortune67,DAMN
0:16:27,@DIVE-TEA,DAMNNNNN
0:16:27,@HMZeroTwo,thank you rodger
0:16:27,@UngulaPropriaRQ,GO RODGER 
0:16:28,@Moonlka,RODGER BROOO
0:16:28,@AnxiousPsyche1003,GO RODGER
0:16:28,@Shivery,GO RODGER
0:16:29,@HMZeroTwo,GO RODGER
0:16:29,@ChocoDrizzleCat,GO RODGERRRR!!!
0:16:29,@UngulaPropriaRQ,GO RODGER 
0:16:30,@Solaris71,GOO RODGER
0:16:31,@Macandcheesel0l,GO RODGER GO RODGER GO RODGER
0:16:31,@TojiGigglefart,PEAKKK
0:16:32,@Brushalover,ROFGER HAhAHAHA
0:16:32,@BlackKanye,"I don't play this game, so I didn't get the nuance of the joke"
0:16:32,@sara17_animation,go!
0:16:33,@punkypony5165,GO RODGER
0:16:33,@Solaris71,ZAMN
0:16:33,@Beetlesfruitcake,RODGER KY KING YES
0:16:34,@Missfortune67,DAMNNNNN
0:16:34,@zahrathemlgtoad,GO RODGERRRRR
0:16:34,@ChocoDrizzleCat,GO RODGER
0:16:34,@DeadlyBones._,GO RODGER
0:16:35,@ears-123,WHY IS THE ANIMATION SO GOOD
0:16:35,@weirdosonicfan,Go Rodger :cat_with_wry_smile:
0:16:37,@theirisofyoureye,GO RODGER
0:16:37,@archaics18,thank you again for the peak tamers 
0:16:37,@stump0467,RODGER LUCKIER I AIN'T BEHIND THAT
0:16:37,@shrimpkuuu,YYYYYYUP
0:16:38,@sara17_animation,go rodger
0:16:38,@Nick-yl4qp,Shit. Soulvester may be my new second favorite after Astro
0:16:39,@jennythebean9117,Damn he’s doing the Thug Shaker!
0:16:39,@ChocoDrizzleCat,GO RODGER
0:16:39,@DeadlyBones._,GO RODGER
0:16:40,@EluoVERSAUCE,GO RODGER!!
0:16:40,@GourouBandai,SHAKE THAT SHIT RODGER
0:16:41,@Zedpo1,I need this song 
0:16:41,@Sillylittlepsycho,HEY DONT LEAVE ME THERE!!!
0:16:42,@TheRealQuodd,Cinema
0:16:43,@GleeperGeeber,GO RODGER
0:16:43,@ChocoDrizzleCat,GO RODGER
0:16:43,@sara17_animation,Damn it
0:16:44,@Tamers12345MLP,@OrpheusHart Yeah pretty much this is what dandys world is about
0:16:44,@dribvox,GO RODGER!!!!!
0:16:45,@TheMTwinny,MAG CLASS DUDE LETTING LOOSE
0:16:45,@DIVE-TEA,GO RODGERR
0:16:45,@ChocoDrizzleCat,GO RODGER !!!!!!
0:16:46,@UngulaPropriaRQ,DO THE RESEARCH SHAKER 
0:16:46,@Solaris71,YEYAWW
0:16:46,@username1878,does tamers12345 draws dandy series undetailed all the time for purpose?
0:16:46,@Shivery,GO RODHER
0:16:47,@wakommm,awesome
0:16:47,@Moonlka,:money_with_wings::money_with_wings::money_with_wings::money_with_wings::money_with_wings::money_with_wings::money_with_wings:
0:16:48,@Macandcheesel0l,GO RODGER GO RODGER GO RODGER
0:16:49,@GleeperGeeber,SHAKE THAT SHIT
0:16:49,@blankgrl,tamers who animated this
0:16:51,@DeadlyBones._,GO RODGER
0:16:52,@TojiGigglefart,SHAKE IT
0:16:52,@punkypony5165,cool ass outro
0:16:53,@shrimpkuuu,This is just like Dandys Block
0:16:53,@ChocoDrizzleCat,Did this really happen in dandys world
0:16:55,@Macandcheesel0l,GO GO GO GO
0:16:56,@SonataDidIt,Fascinating <3
0:16:57,@Shivery,GO RODGER
0:16:58,@Tamers12345MLP,@blankgrl I did
0:16:58,@noelysn,GO RODGER
0:17:00,@stump0467,:money_bag::money_bag::money_bag::money_bag::money_bag:
0:17:00,@SigmaRizz-du1cc,LMAO I LOVE THST
0:17:00,@SilveePokemonUnite,jesus
0:17:01,@ChocoDrizzleCat,GO RODGER!!!!!
0:17:02,@zahrathemlgtoad,this is canon... truat
0:17:02,@sara17_animation,oh yeah oh yeah
0:17:03,@puppypuffy,wow when is qwel gonna hire tamers to the team
0:17:04,@Faceshopphing_pony,OH OH GET IT I GUESS
0:17:05,@GlimmyGOD,dandys world but detroit
0:17:05,@Solaris71,this is so canon accurate i love it
0:17:05,@ZE17-f5c,I LOVED THIS AHAHA
0:17:07,@Missfortune67,GIVE MORE
0:17:07,@TojiGigglefart,DAMN
0:17:08,@ChocoDrizzleCat,GO RODGER
0:17:08,@BoxBoy-u7i,go go ho
0:17:09,@terte9790,all the gunshots
0:17:10,@wakommm,someone's shooting?
0:17:10,@Beetlesfruitcake,:tongue::tongue::tongue:
0:17:10,@NubMcMoofin,:racehorse::racehorse::racehorse:
0:17:10,@blankgrl,no you fucking did not
0:17:11,@starrysnumberonefan,BYE THE GUNSHOTS
0:17:12,@Missmab123456,GET IT GET IT
0:17:12,@sara17_animation,GO
0:17:15,@zahrathemlgtoad,best Halloween gift
0:17:16,@HMZeroTwo,"absolute cinema, can't wait for christmas"
0:17:17,@0camicammy,I Wonder if qwel has ever seen this
0:17:18,@EvolutionCOV,dang who gettin unalived?
0:17:21,@Missfortune67,DAMNNNNNN:eyes:
0:17:21,@Shivery,All Rodger mains should be this good as him
0:17:21,@Macandcheesel0l,GO RODGER GO
0:17:22,@Brushalover,Ok Rodger u can stop now 
0:17:22,@RemiliaScarlett,happy halloween
0:17:23,@Binary_Forever,Happy halloween : p
0:17:23,@Tamers12345MLP,Qwel says Rodger is really good at shaking his ass. Qwel told me that herself
0:17:25,@cabbzinator,this is where his speed went
0:17:26,@Moonlka,GOOB AND RODGER SHOULD MAKE OUT
0:17:28,@luckypie8907,when's the next one!!! I loved this one so much
0:17:28,@Skidum1,CINEMA
0:17:28,@Brykisheaven,this shit.........was so peak......
0:17:29,@shrimpkuuu,Will Glisten be in the next ep as a foreground character I need to know
0:17:30,@stump0467,:mending_heart::mending_heart::mending_heart::mending_heart::mending_heart::mending_heart::mending_heart::mending_heart::mending_heart::mending_heart:
0:17:30,@punkypony5165,:black_circle::black_circle:
0:17:30,@sara17_animation,that was amazing
0:17:31,@noelysn,Best Halloween
0:17:32,@0camicammy,WHAT
0:17:33,@jennythebean9117,Some day all the Dandy’s World characters will do the Thug Shaker
0:17:34,@Beetlesfruitcake,RODGER CAN YOU COUNT DOWN FOR ME IM ALMOSY FINISHED
0:17:34,@hitariart2299,"ty tammers, blessing my eyes again and again"
0:17:34,@tinferno-yt,we live in the best timeline
0:17:36,@Missmab123456,Happy Halloween 
0:17:40,@Love-M333,this was so peak :face_holding_back_tears:
0:17:41,@UngulaPropriaRQ,oh good thing you consulted qwel about this 
0:17:43,@GleeperGeeber,SHAKE THAT SHIT RODGER
0:17:45,@cynicalsix,Thanks for all of the glisten in this episode tamers. I feel treated
0:17:46,@UngulaPropriaRQ,i hope they can get this in game soon
0:17:47,@Macandcheesel0l,I already finished
0:17:47,@GleeperGeeber,SHAKE IT
0:17:48,@Shivery,:orange_circle: :orange_circle:
0:17:49,@shrimpkuuu,Bro he’s shaking that shit
0:17:49,@sara17_animation,ofc
0:17:51,@TojiGigglefart,LET ME HAVE A PIECE REAL QUICK 
0:17:52,@puppypuffy,wow qwel is so supportive!
0:17:52,@shrimpkuuu,This is divine
0:17:53,@punkypony5165,:black_circle::black_circle:
0:17:55,@zahrathemlgtoad,this deserves a 10/10 IMDb fr
0:17:58,@EvolutionCOV,Gottem
0:18:00,@HMZeroTwo,shaking it so hard the claps are gunshots
0:18:00,@Missfortune67,Go goGo
0:18:01,@MillerTheDarkTransPrince,so peak
0:18:03,@SilveePokemonUnite,:eye:
0:18:03,@TheMTwinny,THE EVIL DR ROBOTNIK VS RODGER: TWERK OFF OF THE AGES
0:18:03,@Tamers12345MLP,The trade off for having a big ass is low speed
0:18:05,@Zagarudo,PLEASE RODGER
0:18:06,@0camicammy,This fandom is a prison I mean it’s heaven
0:18:06,@RDMVidya,Someone died 
0:18:07,@lyre_e2,10/10
0:18:07,@RapscallionBoa,MAFE IT
0:18:08,@MillerTheDarkTransPrince,:flushed_face:
0:18:11,@NubMcMoofin,:saluting_face:
0:18:11,@Shivery,:magnifying_glass_tilted_left: GO RODGER
0:18:12,@sara17_animation,SHAKING
0:18:14,@stump0467,I came to ts
0:18:14,@DeadlyBones._,Yeah and Rodger don't stop
0:18:14,@Beetlesfruitcake,Soooooo worth it
0:18:15,@Zagarudo,JUST ONCE LET ME RODGER
0:18:18,@K1t_Isa,this is incredible
0:18:19,@Missmab123456,I see why he gets 2% research…
0:18:19,@MillerTheDarkTransPrince,:two_hearts::two_hearts::two_hearts::two_hearts::two_hearts:
0:18:20,@Zagarudo,PLEASE RODGER
0:18:20,@Missfortune67,Damnnn
0:18:21,@xx_bugc0re3_xx28,We loves this gilf
0:18:23,@Missfortune67,Damnn
0:18:25,@ayyo-bun3534,fuck I only got here at the twerking end
0:18:27,@DeadlyBones._,keep going :tongue::tongue::tongue:
0:18:29,@MillerTheDarkTransPrince,this is so amazing
0:18:29,@willorn,@Tamers12345MLP what about bartleby tho. he overcomes the slowness with his strength?
0:18:30,@Ableth,gem
0:18:31,@shadowkiller_9303,well
0:18:33,@Beetlesfruitcake,"This is peak, I’m crying"
0:18:33,@HMZeroTwo,@xx_bugc0re3_xx28 that ain't eggson
0:18:34,@TojiGigglefart,that old man got a big ass
0:18:34,@sara17_animation,damn it lol
0:18:35,@ORYX_999,i need to have one chance with Rodger PLEASE
0:18:35,@shadowkiller_9303,this was peak once more
0:18:36,@punkypony5165,uh uh uh
0:18:38,@Tamers12345MLP,@ayyo-bun3534 You got to see the best part then at least
0:18:39,@SaraMajano,omg bruuuuhh
0:18:40,@stump0467,GAUUH I LOVE THIS SONG
0:18:40,@terte9790,i like how its still going
0:18:43,@lyonsheartmusic,So glad I spend money on this every month
0:18:43,@shrimpkuuu,Let me hit it once Rodger
0:18:44,@cabbzinator,everyone wants a piece of him
0:18:46,@cabbzinator,trust
0:18:48,@jo3a548,There is more?
0:18:49,@sara17_animation,uhu
0:18:54,@kosjos,yo wat the song thats playing rn
0:18:56,@zahrathemlgtoad,masterpiece... brought a tear to my eye
0:19:01,@Beetlesfruitcake,I hope this never ends:face_holding_back_tears::face_holding_back_tears:
0:19:02,@sara17_animation,We wanna more
0:19:04,@Shivery,I want Taners to cook more Dandy's World
0:19:04,@Tamers12345MLP,@terte9790 It goes how ever long it needs to go
0:19:06,@cola1342,What’s allat in the back
0:19:06,@VelvetValley-h9z,That was so fucking stupid I loved it 
0:19:06,@ayyo-bun3534,it was worth it having the king acknowledge me
0:19:07,@Montavely,tamers is this what you do for a living 
0:19:11,@ZE17-f5c,sprout and Cosmo are gay
0:19:13,@starrysnumberonefan,wait what is this song that is almost in every video
0:19:14,@saturnlovesurnus,DO ANOTHER ONE
0:19:14,@Binary_Forever,Just 5 mins of this lol
0:19:16,@darkwebhospital,more dandy’s world tamers please
0:19:18,@jennythebean9117,Tamers you feed us to well I’m obbeast and Type 2
0:19:19,@demonicchaotic,I NEED RODGER SO BAD
0:19:19,@UngulaPropriaRQ,the more people support tamers on patreon the longer the twerk goes
0:19:19,@EvolutionCOV,We need more Dandy like we need more G5
0:19:22,@NubMcMoofin,:saluting_face::saluting_face:
0:19:22,@EvolutionCOV,As in way way way more of it
0:19:23,@MillerTheDarkTransPrince,Rodger is so fine:face_blowing_a_kiss:
0:19:24,@zahrathemlgtoad,1 hour loop of this needed
0:19:24,@ORYX_999,i wanna have this as my wallpaper
0:19:24,@TojiGigglefart,i lived this
0:19:25,@bamthemelon9,gun shooting in the background:loudly_crying_face:
0:19:25,@stump0467,TELL US THE NAME OF THE SONG
0:19:28,@ZE17-f5c,WHOS SHOOTING??
0:19:28,@shrimpkuuu,This is the best outro so far aside from the Soarinburn Christmas ep
0:19:31,@Shivery,who is shooting???
0:19:31,@Solaris71,tamers we want more dandys world
0:19:32,@Zagarudo,PLEASE RODGER TOP ME
0:19:32,@ayyo-bun3534,happy Halloween
0:19:33,@TojiGigglefart,thank you tamers :)
0:19:35,@punkypony5165,Awesome video thx Tamers
0:19:37,@SaraMajano,someone throw cash at rodger
0:19:38,@HMZeroTwo,happy hallow
0:19:39,@wakommm,rodger dgaf about shots fired
